[
  {
    "TrainNumber": "PU17333",
    "DelayedTimes": 2,
    "MaxDelayedTime": "23:02:00"
  },
  {
    "TrainNumber": "VT08003",
    "DelayedTimes": 2,
    "MaxDelayedTime": "15:51:00"
  },
  {
    "TrainNumber": "BQ877549",
    "DelayedTimes": 1,
    "MaxDelayedTime": "21:39:00"
  },
  {
    "TrainNumber": "IN035370",
    "DelayedTimes": 1,
    "MaxDelayedTime": "21:39:00"
  },
  {
    "TrainNumber": "MN9096",
    "DelayedTimes": 1,
    "MaxDelayedTime": "11:41:00"
  },
  {
    "TrainNumber": "QT6209",
    "DelayedTimes": 1,
    "MaxDelayedTime": "11:39:00"
  },
  {
    "TrainNumber": "EA01424",
    "DelayedTimes": 1,
    "MaxDelayedTime": "08:34:00"
  },
  {
    "TrainNumber": "JN070789",
    "DelayedTimes": 1,
    "MaxDelayedTime": "05:38:00"
  },
  {
    "TrainNumber": "KB20012",
    "DelayedTimes": 1,
    "MaxDelayedTime": "02:53:00"
  },
  {
    "TrainNumber": "QV395307",
    "DelayedTimes": 1,
    "MaxDelayedTime": "00:15:00"
  },
  {
    "TrainNumber": "PS42970",
    "DelayedTimes": 0,
    "MaxDelayedTime": "14:01:00"
  }
]